"Provided by SimilarWeb. Discover More with SimilarWeb PRO, Try Our Demo!: https://www.similarweb.com/pro"
Rank,Domain,Main Category,Subcategory
1,buzzfeed.com,News and Media,Magazines and E-Zines
2,forbes.com,News and Media,Magazines and E-Zines
3,people.com,News and Media,Magazines and E-Zines
4,slate.com,News and Media,Magazines and E-Zines
5,time.com,News and Media,Magazines and E-Zines
6,littlethings.com,News and Media,Magazines and E-Zines
7,rollingstone.com,News and Media,Magazines and E-Zines
8,theatlantic.com,News and Media,Magazines and E-Zines
9,complex.com,News and Media,Magazines and E-Zines
10,si.com,News and Media,Magazines and E-Zines
11,usnews.com,News and Media,Magazines and E-Zines
12,vice.com,News and Media,Magazines and E-Zines
13,vox.com,News and Media,Magazines and E-Zines
14,salon.com,News and Media,Magazines and E-Zines
15,nationalgeographic.com,News and Media,Magazines and E-Zines
16,nymag.com,News and Media,Magazines and E-Zines
17,cosmopolitan.com,News and Media,Magazines and E-Zines
18,newyorker.com,News and Media,Magazines and E-Zines
19,realsimple.com,News and Media,Magazines and E-Zines
20,bizjournals.com,News and Media,Magazines and E-Zines
21,thrillist.com,News and Media,Magazines and E-Zines
22,vogue.com,News and Media,Magazines and E-Zines
23,pjmedia.com,News and Media,Magazines and E-Zines
24,variety.com,News and Media,Magazines and E-Zines
25,vanityfair.com,News and Media,Magazines and E-Zines
26,esquire.com,News and Media,Magazines and E-Zines
27,motherjones.com,News and Media,Magazines and E-Zines
28,inc.com,News and Media,Magazines and E-Zines
29,askmen.com,News and Media,Magazines and E-Zines
30,gq.com,News and Media,Magazines and E-Zines
31,timeout.com,News and Media,Magazines and E-Zines
32,roadrunner.com,News and Media,Magazines and E-Zines
33,thesun.co.uk,News and Media,Magazines and E-Zines
34,distractify.com,News and Media,Magazines and E-Zines
35,theweek.com,News and Media,Magazines and E-Zines
36,nature.com,News and Media,Magazines and E-Zines
37,fastcompany.com,News and Media,Magazines and E-Zines
38,elle.com,News and Media,Magazines and E-Zines
39,glamour.com,News and Media,Magazines and E-Zines
40,instyle.com,News and Media,Magazines and E-Zines
41,tiphero.com,News and Media,Magazines and E-Zines
42,newsweek.com,News and Media,Magazines and E-Zines
43,southernliving.com,News and Media,Magazines and E-Zines
44,dcinside.com,News and Media,Magazines and E-Zines
45,rd.com,News and Media,Magazines and E-Zines
46,nerdist.com,News and Media,Magazines and E-Zines
47,seventeen.com,News and Media,Magazines and E-Zines
48,marieclaire.com,News and Media,Magazines and E-Zines
49,allure.com,News and Media,Magazines and E-Zines
50,crooksandliars.com,News and Media,Magazines and E-Zines
